h3_id,ndvi,lst,soil_moisture,label,start_date,end_date
868b71227ffffff,0.8287777863927118,300.643723589843,0.38140485637871796,0,2024-01-01,2024-01-30
868b445afffffff,0.8123458288977065,301.8269534501114,0.34199863695539534,0,2024-01-01,2024-01-30
868b44557ffffff,0.8053355631761978,302.66757438176194,0.3447523824870587,0,2024-01-01,2024-01-30
868b71307ffffff,0.714316816860465,300.2329824029127,0.3613002372364844,0,2024-01-01,2024-01-30
868b445a7ffffff,0.7558850759996129,301.9451002033112,0.3476806581020355,0,2024-01-01,2024-01-30
868b7124fffffff,0.7483547701983554,301.86647314949204,0.34310933947563166,0,2024-01-01,2024-01-30
868b44da7ffffff,0.7307137030601413,300.3657959262478,0.38169013261795043,0,2024-01-01,2024-01-30
868b44ca7ffffff,0.786096022782122,304.0482440389999,0.4632610669286232,0,2024-01-01,2024-01-30
868b71ad7ffffff,0.5915054017424975,298.2869855104042,0.38303297007177756,1,2024-01-01,2024-01-30
868b44cafffffff,0.7952935231660233,302.94151930501926,0.46523835894561577,0,2024-01-01,2024-01-30
868b71acfffffff,0.6053698926810406,298.96293970448045,0.3913249934828559,0,2024-01-01,2024-01-30
868b445b7ffffff,0.7799562203274876,303.6384720472822,0.3510782811790705,0,2024-01-01,2024-01-30
868b71237ffffff,0.805346799534478,301.0145175055766,0.35801330584240704,0,2024-01-01,2024-01-30
868b44d97ffffff,0.7092965400599209,298.50296897651475,0.380996388848871,0,2024-01-01,2024-01-30
868b7104fffffff,0.81205269824323,300.3761254003687,0.1897833040885387,1,2024-01-01,2024-01-30
868b44ce7ffffff,0.8282046870479309,300.0420947053717,0.4580654161317008,0,2024-01-01,2024-01-30
868b7120fffffff,0.6161082953774593,298.5754753367575,0.44927839886757637,0,2024-01-01,2024-01-30
868b44cd7ffffff,0.7525169933378393,300.5137066718161,0.38532070326618845,0,2024-01-01,2024-01-30
868b44db7ffffff,0.7100627101449278,298.2887913043479,0.37997361618702813,0,2024-01-01,2024-01-30
868b44537ffffff,0.6888414128227445,302.1925635818587,0.3347071288597016,0,2024-01-01,2024-01-30
868b712f7ffffff,0.6914957549000581,299.86477003687173,0.3451324291527272,0,2024-01-01,2024-01-30
868b44427ffffff,0.7673430491105957,302.69294663573083,0.3436679579317569,0,2024-01-01,2024-01-30
868b44597ffffff,0.8112554371002133,303.6869228532661,0.3481369569301605,0,2024-01-01,2024-01-30
868b46977ffffff,0.8817064514563108,301.64119514563106,0.3352327485253492,0,2024-01-01,2024-01-30
868b71377ffffff,0.7197480404490036,299.857424707353,0.38478426003456123,0,2024-01-01,2024-01-30
868b44d07ffffff,0.7502828706381339,298.9581569307887,0.4081278551918592,0,2024-01-01,2024-01-30
868b71267ffffff,0.5419535952772668,303.2605049373919,0.44218486824701003,1,2024-01-01,2024-01-30
868b71327ffffff,0.5075304514191611,301.337616766467,0.3540337551385164,1,2024-01-01,2024-01-30
868b71357ffffff,0.816970819211775,301.0275189357156,0.39058720361529375,0,2024-01-01,2024-01-30
868b712e7ffffff,0.7219097080787507,299.65915139171744,0.36876008759333395,0,2024-01-01,2024-01-30
868b71257ffffff,0.8022651245034397,301.7907005135161,0.4107420105934143,0,2024-01-01,2024-01-30
868b712d7ffffff,0.8011641553398057,302.0893973442288,0.3323278019428253,0,2024-01-01,2024-01-30
868b44567ffffff,0.8122976406446009,303.1433696805945,0.35581967420876026,0,2024-01-01,2024-01-30
868b712cfffffff,0.8278417111262004,302.5969793384422,0.34773592543601994,0,2024-01-01,2024-01-30
868b7134fffffff,0.7296347005901134,301.7251494630937,0.4152775381024428,0,2024-01-01,2024-01-30
868b71217ffffff,0.7693903978651141,301.0792343522563,0.359389032125473,0,2024-01-01,2024-01-30
868b44c07ffffff,0.7879079974932511,302.205715387582,0.45740376808680594,0,2024-01-01,2024-01-30
868b4452fffffff,0.7831605252993435,301.36565952105065,0.3650646209716797,0,2024-01-01,2024-01-30
868b46967ffffff,0.8829472259941804,301.37430746847724,0.3426043466320188,0,2024-01-01,2024-01-30
868b44cc7ffffff,0.860820299990354,301.96727114883765,0.39613305852394703,0,2024-01-01,2024-01-30
868b44507ffffff,0.7194992364936696,300.8418633420316,0.3543669369220734,0,2024-01-01,2024-01-30
868b44cb7ffffff,0.7848132067265875,304.4750227118972,0.44722802710533144,0,2024-01-01,2024-01-30
868b44547ffffff,0.8090457637749687,303.0067779600503,0.3483276584791759,0,2024-01-01,2024-01-30
868b44dafffffff,0.8396352847490344,301.4898474903474,0.3938072207901213,0,2024-01-01,2024-01-30
868b71367ffffff,0.7949525913749755,299.2252175594662,0.3875368854661626,0,2024-01-01,2024-01-30
868b44d1fffffff,0.7099876374156222,299.9604828462515,0.403281918357289,0,2024-01-01,2024-01-30
868b71277ffffff,0.6920402469733656,300.29282324455215,0.45414315363553565,0,2024-01-01,2024-01-30
868b44c87ffffff,0.7898050091778573,302.54172060670476,0.4623978396411986,0,2024-01-01,2024-01-30
868b71317ffffff,0.8175024495537448,300.3270789677921,0.3219183200597762,0,2024-01-01,2024-01-30
868b71227ffffff,0.7120396733863152,300.9593855398332,0.39117777948231663,0,2024-02-01,2024-02-28
868b445afffffff,0.7712296622471693,300.3740162585891,0.34980944194830954,0,2024-02-01,2024-02-28
868b44557ffffff,0.7315136688562595,300.24698512364756,0.356206426396966,0,2024-02-01,2024-02-28
868b71307ffffff,0.733617020348837,300.9662374031007,0.3739805144648397,0,2024-02-01,2024-02-28
868b445a7ffffff,0.7511722867654179,300.49433827088785,0.3541775345802307,0,2024-02-01,2024-02-28
868b7124fffffff,0.6953678906627965,301.0582409288825,0.3498600522677104,0,2024-02-01,2024-02-28
868b44da7ffffff,0.6669322424944494,299.7561617916788,0.3893704202175141,0,2024-02-01,2024-02-28
868b44ca7ffffff,0.6170256685008205,302.8717260353316,0.470180534706341,0,2024-02-01,2024-02-28
868b71ad7ffffff,0.780015696999032,300.8321848983542,0.39635566440154246,0,2024-02-01,2024-02-28
868b44cafffffff,0.5444381225868726,302.392225868726,0.47358714765118004,1,2024-02-01,2024-02-28
868b71acfffffff,0.7490241177608046,301.75551387411787,0.40061342138652656,0,2024-02-01,2024-02-28
868b445b7ffffff,0.716537748280205,300.42321286697023,0.355675614438951,0,2024-02-01,2024-02-28
868b71237ffffff,0.8187235428183495,301.3322432353797,0.3653562005579941,0,2024-02-01,2024-02-28
868b44d97ffffff,0.7989240214554943,300.95335652846234,0.386971038300544,0,2024-02-01,2024-02-28
868b7104fffffff,0.5582324662719595,301.6640328059788,0.19142241511614094,1,2024-02-01,2024-02-28
868b44ce7ffffff,0.6476569148423182,302.56905969717417,0.4719807775247664,0,2024-02-01,2024-02-28
868b7120fffffff,0.6746444229091965,300.5234024614788,0.45705933484338945,0,2024-02-01,2024-02-28
868b44cd7ffffff,0.6339152022786522,302.2048546876508,0.39937827410176396,0,2024-02-01,2024-02-28
868b44db7ffffff,0.71903622705314,300.08023671497585,0.38874523024859386,0,2024-02-01,2024-02-28
868b44537ffffff,0.7319581858621026,301.4188357025434,0.3421512849274136,0,2024-02-01,2024-02-28
868b712f7ffffff,0.6471402629536191,299.96821754317864,0.3520669916179031,0,2024-02-01,2024-02-28
868b44427ffffff,0.7387128383604022,300.59621036349574,0.35503573901951313,0,2024-02-01,2024-02-28
868b44597ffffff,0.7881360825741419,300.1497441364605,0.3533810613155365,0,2024-02-01,2024-02-28
868b46977ffffff,0.7964535436893203,300.4142854368933,0.34217699869411194,0,2024-02-01,2024-02-28
868b71377ffffff,0.7205785562221791,300.97132862395995,0.39295083165168765,0,2024-02-01,2024-02-28
868b44d07ffffff,0.6957750240987083,301.4814796606901,0.41733226041461147,0,2024-02-01,2024-02-28
868b71267ffffff,0.5212518436078584,304.8812087486694,0.4488981712696164,1,2024-02-01,2024-02-28
868b71327ffffff,0.831179356776131,300.5628945074106,0.36709574214182794,0,2024-02-01,2024-02-28
868b71357ffffff,0.7007958652077078,301.24250217875465,0.40046230967589247,0,2024-02-01,2024-02-28
868b712e7ffffff,0.7126131364562117,300.513220832121,0.3756652523682812,0,2024-02-01,2024-02-28
868b71257ffffff,0.7428688596066272,302.445940315861,0.4167548887729644,0,2024-02-01,2024-02-28
868b712d7ffffff,0.7639455097087379,302.1608737864077,0.3374462969303131,0,2024-02-01,2024-02-28
868b44567ffffff,0.6434349560937953,301.0024925214707,0.36838835082016885,0,2024-02-01,2024-02-28
868b712cfffffff,0.7569096178096807,301.56537879522745,0.352955801486969,0,2024-02-01,2024-02-28
868b7134fffffff,0.6523134661894168,302.18450904517755,0.4187381474051889,0,2024-02-01,2024-02-28
868b71217ffffff,0.6991904124211549,301.27293449781655,0.36596092724800117,0,2024-02-01,2024-02-28
868b44c07ffffff,0.6271633580794445,303.0668790975702,0.4649420555215329,0,2024-02-01,2024-02-28
868b4452fffffff,0.6841335071456162,300.7157657396679,0.38012537360191345,0,2024-02-01,2024-02-28
868b46967ffffff,0.7726590591658583,301.28207274490785,0.3506004061755233,0,2024-02-01,2024-02-28
868b44cc7ffffff,0.6707360760104177,300.2460403202469,0.4090829422307569,0,2024-02-01,2024-02-28
868b44507ffffff,0.6814143906446312,300.958069005509,0.36674367523193363,0,2024-02-01,2024-02-28
868b44cb7ffffff,0.6429527447569345,302.95308398569637,0.45148645091056816,0,2024-02-01,2024-02-28
868b44547ffffff,0.7039534787223778,300.6984435009167,0.36050642506470754,0,2024-02-01,2024-02-28
868b44dafffffff,0.7803304102316599,301.2523523166022,0.3997191190719604,0,2024-02-01,2024-02-28
868b71367ffffff,0.7938194449816282,300.4591626377877,0.39358899842097067,0,2024-02-01,2024-02-28
868b44d1fffffff,0.7436733027965281,300.8241427193828,0.41088711269318107,0,2024-02-01,2024-02-28
868b71277ffffff,0.6063515738498789,302.5688455205812,0.4616622267745611,0,2024-02-01,2024-02-28
868b44c87ffffff,0.6657437155830356,301.4474273017099,0.47079852037131786,0,2024-02-01,2024-02-28
868b71317ffffff,0.5117717403958092,301.46714590609236,0.33161656785011284,1,2024-02-01,2024-02-28
868b71227ffffff,0.8581649544485365,301.1312773793371,0.39585788028184754,0,2024-03-01,2024-03-30
868b445afffffff,0.87474512726217,301.2921010355175,0.3522448514122516,0,2024-03-01,2024-03-30
868b44557ffffff,0.8935912045981451,300.2760027047913,0.36097083799540997,0,2024-03-01,2024-03-30
868b71307ffffff,0.850200562015504,301.2193032945735,0.3807014779698464,0,2024-03-01,2024-03-30
868b445a7ffffff,0.867938512924775,301.59149966114813,0.35590600967407227,0,2024-03-01,2024-03-30
868b7124fffffff,0.7676762215771652,301.1784102564104,0.35141203800837195,0,2024-03-01,2024-03-30
868b44da7ffffff,0.8355545178105994,299.6226102905686,0.39596258354187014,0,2024-03-01,2024-03-30
868b44ca7ffffff,0.8007066801814849,301.41357273868135,0.47626006086980266,0,2024-03-01,2024-03-30
868b71ad7ffffff,0.8328039496611809,300.87886737657306,0.4039795717855138,0,2024-03-01,2024-03-30
868b44cafffffff,0.7762539044401545,301.13764671814675,0.4799224909755492,0,2024-03-01,2024-03-30
868b71acfffffff,0.852790278449193,300.7695813593736,0.40786106526389604,0,2024-03-01,2024-03-30
868b445b7ffffff,0.8505204970448598,302.33733456060463,0.35703322826884687,0,2024-03-01,2024-03-30
868b71237ffffff,0.8518467316458153,300.90700804965576,0.3687054531311426,0,2024-03-01,2024-03-30
868b44d97ffffff,0.8312790180728714,300.48089591185845,0.3922674728091806,0,2024-03-01,2024-03-30
868b7104fffffff,0.8498126322430358,301.0212821508298,0.19203790757925282,1,2024-03-01,2024-03-30
868b44ce7ffffff,0.8277766081589351,300.26309576622606,0.48030535380045575,0,2024-03-01,2024-03-30
868b7120fffffff,0.7650275075104177,300.2849035759279,0.46008079715313444,0,2024-03-01,2024-03-30
868b44cd7ffffff,0.742744153712465,299.74517331273535,0.4069232682231813,0,2024-03-01,2024-03-30
868b44db7ffffff,0.8130385507246376,300.03202415458946,0.3961360341920628,0,2024-03-01,2024-03-30
868b44537ffffff,0.7951556280823906,300.3061144956969,0.34350838263829553,0,2024-03-01,2024-03-30
868b712f7ffffff,0.7544292014360563,300.276578692024,0.35853812750428915,0,2024-03-01,2024-03-30
868b44427ffffff,0.8864727233178655,300.7046094354215,0.35983313806355,0,2024-03-01,2024-03-30
868b44597ffffff,0.8465207986043805,302.20167086644693,0.3570555689334869,0,2024-03-01,2024-03-30
868b46977ffffff,0.8440862087378642,301.81174271844657,0.35047068112478486,0,2024-03-01,2024-03-30
868b71377ffffff,0.8415604122314692,300.84484613895876,0.39708153986930844,0,2024-03-01,2024-03-30
868b44d07ffffff,0.8239154424522845,300.0708598419126,0.42384212285049205,0,2024-03-01,2024-03-30
868b71267ffffff,0.5914390448078971,303.9902003290428,0.4520394150600877,1,2024-03-01,2024-03-30
868b71327ffffff,0.8378541412380122,301.2248435532307,0.3742494867183268,0,2024-03-01,2024-03-30
868b71357ffffff,0.8454318098189213,301.42302411155225,0.4051368135636247,0,2024-03-01,2024-03-30
868b712e7ffffff,0.7668035544564056,300.992436233149,0.38034521383563363,0,2024-03-01,2024-03-30
868b71257ffffff,0.8488386929561087,302.6031624842554,0.41882571363449095,0,2024-03-01,2024-03-30
868b712d7ffffff,0.8330710970873788,301.79944660194184,0.3434021565914154,0,2024-03-01,2024-03-30
868b44567ffffff,0.8451519492424976,300.0319241532375,0.373635285301134,0,2024-03-01,2024-03-30
868b712cfffffff,0.8748609176447766,301.74418857309144,0.3564383418560028,0,2024-03-01,2024-03-30
868b7134fffffff,0.8011813146947857,301.24084647383194,0.4205879280416985,0,2024-03-01,2024-03-30
868b71217ffffff,0.8648138719068414,300.86649102377487,0.36945953941345216,0,2024-03-01,2024-03-30
868b44c07ffffff,0.7852340001928269,300.84441766293867,0.47094891499727964,0,2024-03-01,2024-03-30
868b4452fffffff,0.865988615295481,300.4288132483586,0.3879641890525818,0,2024-03-01,2024-03-30
868b46967ffffff,0.8666259020368576,301.24570223084373,0.35928595159936133,0,2024-03-01,2024-03-30
868b44cc7ffffff,0.8222285376675994,299.94997395582135,0.41573350327883585,0,2024-03-01,2024-03-30
868b44507ffffff,0.8433487580941337,300.2858471054412,0.3722983965873718,0,2024-03-01,2024-03-30
868b44cb7ffffff,0.7661778389871462,301.776748816082,0.4555383424758911,0,2024-03-01,2024-03-30
868b44547ffffff,0.8667279696998941,300.4033301167616,0.3658647362201933,0,2024-03-01,2024-03-30
868b44dafffffff,0.8649873889961387,300.2121293436293,0.4056739310423533,0,2024-03-01,2024-03-30
868b71367ffffff,0.8478618158963449,300.4648423902533,0.3972913733148199,0,2024-03-01,2024-03-30
868b44d1fffffff,0.8510830617164896,300.74661523625844,0.4171987814562661,0,2024-03-01,2024-03-30
868b71277ffffff,0.7804022421307506,301.6075118644068,0.46484961214028003,0,2024-03-01,2024-03-30
868b44c87ffffff,0.7863954545454545,300.98847840788335,0.4768787196371705,0,2024-03-01,2024-03-30
868b71317ffffff,0.8493624369421808,301.0137349631354,0.33663389539718624,0,2024-03-01,2024-03-30
868b71227ffffff,0.8414068617949211,298.4092110874199,0.37816368262897165,0,2024-04-01,2024-04-30
868b445afffffff,0.8752073018484469,299.1767966708605,0.3313760473392904,0,2024-04-01,2024-04-30
868b44557ffffff,0.8638601043276658,299.624088098918,0.335181986913085,0,2024-04-01,2024-04-30
868b71307ffffff,0.86981851744186,298.1116792635658,0.3668116331100464,0,2024-04-01,2024-04-30
868b445a7ffffff,0.851207430535386,299.6792738890503,0.3335254490375519,0,2024-04-01,2024-04-30
868b7124fffffff,0.7793258393807453,299.1029501693275,0.3308851520220438,0,2024-04-01,2024-04-30
868b44da7ffffff,0.8441938073173088,298.3188734433826,0.37586820554733275,0,2024-04-01,2024-04-30
868b44ca7ffffff,0.8119106236123178,300.63342890240364,0.4557725568925302,0,2024-04-01,2024-04-30
868b71ad7ffffff,0.8047774927395932,299.3289719264278,0.38539701887941735,0,2024-04-01,2024-04-30
868b44cafffffff,0.7844353764478765,300.1218368725869,0.45831077978495627,0,2024-04-01,2024-04-30
868b71acfffffff,0.8051575848399882,298.5810171130234,0.389002075953077,0,2024-04-01,2024-04-30
868b445b7ffffff,0.822202790427284,300.69362464877446,0.33449717285111547,0,2024-04-01,2024-04-30
868b71237ffffff,0.8597705266220541,298.45371738919613,0.3558305180448247,0,2024-04-01,2024-04-30
868b44d97ffffff,0.8375544457330627,298.9055590992558,0.3729750313796103,0,2024-04-01,2024-04-30
868b7104fffffff,0.8658782587595846,300.0879277880228,0.1850838448491789,1,2024-04-01,2024-04-30
868b44ce7ffffff,0.8559267962195001,298.81725335133564,0.4554864991278875,0,2024-04-01,2024-04-30
868b7120fffffff,0.7355077575346449,299.8348657815679,0.4363852599936146,0,2024-04-01,2024-04-30
868b44cd7ffffff,0.7690580187312926,298.7297248237907,0.37776025757193565,0,2024-04-01,2024-04-30
868b44db7ffffff,0.8359151884057974,297.92742222222245,0.3764339033074266,0,2024-04-01,2024-04-30
868b44537ffffff,0.8270304661057925,298.59457112464946,0.326366194656917,0,2024-04-01,2024-04-30
868b712f7ffffff,0.7546742868232098,298.23412769260625,0.33685358799994,0,2024-04-01,2024-04-30
868b44427ffffff,0.8895096867749418,298.8254872389792,0.33396082557737833,0,2024-04-01,2024-04-30
868b44597ffffff,0.8358456096142663,299.79026943206037,0.33315645098686214,0,2024-04-01,2024-04-30
868b46977ffffff,0.8466003592233011,298.82540970873777,0.3282355356404162,0,2024-04-01,2024-04-30
868b71377ffffff,0.8391218840719954,298.9275353203019,0.3796736631393433,0,2024-04-01,2024-04-30
868b44d07ffffff,0.8480806294582609,298.9227761711972,0.39845960939577385,0,2024-04-01,2024-04-30
868b71267ffffff,0.5760243056227621,301.74097454756605,0.4298902119314948,1,2024-04-01,2024-04-30
868b71327ffffff,0.8458149278310572,297.1214240046499,0.3577501537511125,0,2024-04-01,2024-04-30
868b71357ffffff,0.832612423743585,299.7170320519027,0.38542778473200756,0,2024-04-01,2024-04-30
868b712e7ffffff,0.7736156580351081,299.26403064688196,0.3574134606545366,0,2024-04-01,2024-04-30
868b71257ffffff,0.838586207731809,300.9602926073055,0.3954491839408874,0,2024-04-01,2024-04-30
868b712d7ffffff,0.8617646310679611,299.14004854368926,0.3244155654907227,0,2024-04-01,2024-04-30
868b44567ffffff,0.8713852407603979,298.6996313808744,0.3456208810675889,0,2024-04-01,2024-04-30
868b712cfffffff,0.8683460228926182,299.1075662042876,0.3333764216899872,0,2024-04-01,2024-04-30
868b7134fffffff,0.7928888023604528,299.1512643900552,0.3980586580404147,0,2024-04-01,2024-04-30
868b71217ffffff,0.8693559437166426,298.6807588549249,0.355148549079895,0,2024-04-01,2024-04-30
868b44c07ffffff,0.8313844822599306,299.8525163902816,0.44824337633326655,0,2024-04-01,2024-04-30
868b4452fffffff,0.864325178640402,299.5280793742758,0.357593297958374,0,2024-04-01,2024-04-30
868b46967ffffff,0.8567147235693501,298.79909214354996,0.33391259411188556,0,2024-04-01,2024-04-30
868b44cc7ffffff,0.8553573840069452,299.33654287643486,0.3883028559444487,0,2024-04-01,2024-04-30
868b44507ffffff,0.865352314680584,298.1369701362714,0.34658917140960693,0,2024-04-01,2024-04-30
868b44cb7ffffff,0.7926949260655262,300.5762182275055,0.4315215346813202,0,2024-04-01,2024-04-30
868b44547ffffff,0.8818837161053752,299.0857386857088,0.3390052928811028,0,2024-04-01,2024-04-30
868b44dafffffff,0.8702791167953666,298.33705888030875,0.3849026196532779,0,2024-04-01,2024-04-30
868b71367ffffff,0.850083919938116,299.8152020885708,0.379822414691054,0,2024-04-01,2024-04-30
868b44d1fffffff,0.8816583799421409,298.9259151398264,0.3947177321191818,0,2024-04-01,2024-04-30
868b71277ffffff,0.7560736610169492,300.0854702179177,0.44173597679363463,0,2024-04-01,2024-04-30
868b44c87ffffff,0.7968562892474159,299.7272678968216,0.4542584053706378,0,2024-04-01,2024-04-30
868b71317ffffff,0.8734529055102834,298.8801746216531,0.3257051595449448,0,2024-04-01,2024-04-30
868b71227ffffff,0.854019039542547,297.6705795696841,0.36397340177565585,0,2024-05-01,2024-05-30
868b445afffffff,0.8379688860931,297.36508661569735,0.322055273456499,0,2024-05-01,2024-05-30
868b44557ffffff,0.868153917117465,296.6938649536321,0.324760977178812,0,2024-05-01,2024-05-30
868b71307ffffff,0.8610470542635655,297.7681705426356,0.3555316023768917,0,2024-05-01,2024-05-30
868b445a7ffffff,0.8282143043857106,298.1641610998161,0.3249570429325104,0,2024-05-01,2024-05-30
868b7124fffffff,0.7613369472665698,297.3749433962267,0.3225270311037699,0,2024-05-01,2024-05-30
868b44da7ffffff,0.8376300897770056,296.9338555845159,0.3624167244434357,0,2024-05-01,2024-05-30
868b44ca7ffffff,0.8120519113814076,299.598782701033,0.44108349084854126,0,2024-05-01,2024-05-30
868b71ad7ffffff,0.849749046466602,297.89350242013546,0.37022762434689077,0,2024-05-01,2024-05-30
868b44cafffffff,0.778601616795367,298.47796138996137,0.4432048564476352,0,2024-05-01,2024-05-30
868b71acfffffff,0.866155554481292,297.60993135453936,0.3732819910659347,0,2024-05-01,2024-05-30
868b445b7ffffff,0.7963443997674643,299.06661951361303,0.3255423898808658,0,2024-05-01,2024-05-30
868b71237ffffff,0.856721884395306,297.6395616332073,0.3465212790046151,0,2024-05-01,2024-05-30
868b44d97ffffff,0.8314317531651686,297.4172881028317,0.36239383183419704,0,2024-05-01,2024-05-30
868b7104fffffff,0.856049320586237,297.99504222071243,0.17985345146829085,1,2024-05-01,2024-05-30
868b44ce7ffffff,0.8449263188349887,296.94373999421333,0.4407479975904738,0,2024-05-01,2024-05-30
868b7120fffffff,0.7202214119585233,297.11528830313017,0.4194477719645346,0,2024-05-01,2024-05-30
868b44cd7ffffff,0.7236921888577773,296.8905561456021,0.3628523594234138,0,2024-05-01,2024-05-30
868b44db7ffffff,0.833531855072464,297.1283033816425,0.3629364500364919,0,2024-05-01,2024-05-30
868b44537ffffff,0.8139298327047678,297.22641330625675,0.31826327812103994,0,2024-05-01,2024-05-30
868b712f7ffffff,0.7346986318649329,296.1899107316127,0.32100886665284634,0,2024-05-01,2024-05-30
868b44427ffffff,0.8673894383217324,296.9216724671308,0.3233251385390759,0,2024-05-01,2024-05-30
868b44597ffffff,0.8428466175615426,298.21619499903073,0.32274991130828856,0,2024-05-01,2024-05-30
868b46977ffffff,0.8721306067961164,297.24134368932033,0.31207995855902126,0,2024-05-01,2024-05-30
868b71377ffffff,0.8548353783626862,297.57766015095797,0.36736140799522404,0,2024-05-01,2024-05-30
868b44d07ffffff,0.8351298823983035,296.9937941006362,0.3830830138321071,0,2024-05-01,2024-05-30
868b71267ffffff,0.5649585260814866,300.098064453692,0.41609834862309836,1,2024-05-01,2024-05-30
868b71327ffffff,0.8572570619006107,297.86183667538506,0.34617372462525964,0,2024-05-01,2024-05-30
868b71357ffffff,0.8489809044252926,298.0076614699331,0.370441405557272,0,2024-05-01,2024-05-30
868b712e7ffffff,0.749653195616332,296.87655125594034,0.3423686245764334,0,2024-05-01,2024-05-30
868b71257ffffff,0.8116828359655069,298.8402984206957,0.3821056599617004,0,2024-05-01,2024-05-30
868b712d7ffffff,0.8323321553398059,297.48352427184466,0.3110338294506073,0,2024-05-01,2024-05-30
868b44567ffffff,0.8487708289105469,297.23474862491565,0.3354534963145852,0,2024-05-01,2024-05-30
868b712cfffffff,0.8505959889417016,298.14602774274914,0.32127237486839294,0,2024-05-01,2024-05-30
868b7134fffffff,0.8017229466963336,298.02534197542815,0.38888226836685125,0,2024-05-01,2024-05-30
868b71217ffffff,0.8617578554099952,297.5063988355168,0.34501965022087105,0,2024-05-01,2024-05-30
868b44c07ffffff,0.8169100993058228,298.66149633628993,0.43484071502462035,0,2024-05-01,2024-05-30
868b4452fffffff,0.8444368192352262,297.25251931247595,0.34271037578582764,0,2024-05-01,2024-05-30
868b46967ffffff,0.8712822550921437,297.1904093113482,0.3171462390835829,0,2024-05-01,2024-05-30
868b44cc7ffffff,0.832823078036076,296.93796276647055,0.37517927714096483,0,2024-05-01,2024-05-30
868b44507ffffff,0.8336206871556973,297.484465062337,0.33409545707702637,0,2024-05-01,2024-05-30
868b44cb7ffffff,0.7879459408524209,298.72854547211745,0.4201374316215515,0,2024-05-01,2024-05-30
868b44547ffffff,0.8676117195792725,297.1510701534305,0.32820616023881094,0,2024-05-01,2024-05-30
868b44dafffffff,0.8673459025096523,297.56566795366786,0.3726501431730058,0,2024-05-01,2024-05-30
868b71367ffffff,0.8603899197447301,297.55445368400694,0.3682913130193245,0,2024-05-01,2024-05-30
868b44d1fffffff,0.8615900675024106,296.92235872709733,0.38132004179651774,0,2024-05-01,2024-05-30
868b71277ffffff,0.748847617433414,298.2512852300241,0.4256861747249843,0,2024-05-01,2024-05-30
868b44c87ffffff,0.7883963143657621,298.1901806588736,0.43947594868950546,0,2024-05-01,2024-05-30
868b71317ffffff,0.8580754074505241,297.84710322079945,0.31615983426570893,0,2024-05-01,2024-05-30
868b71227ffffff,0.8932391257995732,298.24111261872457,0.3372843919336334,0,2024-06-01,2024-06-30
868b445afffffff,0.8744544372399112,298.69707248620927,0.30002037622034555,0,2024-06-01,2024-06-30
868b44557ffffff,0.8791609012751158,298.48344667697063,0.3028401043266058,0,2024-06-01,2024-06-30
868b71307ffffff,0.8825368653100775,298.6279467054263,0.330319355091741,0,2024-06-01,2024-06-30
868b445a7ffffff,0.8382924339239036,299.58355600735797,0.3046257197856903,0,2024-06-01,2024-06-30
868b7124fffffff,0.7593140106434448,298.4056216739235,0.3016385038693746,0,2024-06-01,2024-06-30
868b44da7ffffff,0.8541398783666376,298.2447147408052,0.33699658584594727,0,2024-06-01,2024-06-30
868b44ca7ffffff,0.8210942803359396,299.9325292016603,0.4131736220337275,0,2024-06-01,2024-06-30
868b71ad7ffffff,0.8783770329138433,298.9668286544046,0.3422402556486956,0,2024-06-01,2024-06-30
868b44cafffffff,0.7839657094594596,299.6196351351351,0.41435914630851434,0,2024-06-01,2024-06-30
868b71acfffffff,0.89246087692159,298.65423764865136,0.34649092883102656,0,2024-06-01,2024-06-30
868b445b7ffffff,0.8007932661563799,300.6740490262572,0.3057011067867279,0,2024-06-01,2024-06-30
868b71237ffffff,0.8896337406653083,298.57088352245177,0.32205096591176013,0,2024-06-01,2024-06-30
868b44d97ffffff,0.8509516333236686,298.2018691408137,0.34248962881974876,0,2024-06-01,2024-06-30
868b7104fffffff,0.8860356789284674,298.89917596816457,0.16918794666567158,1,2024-06-01,2024-06-30
868b44ce7ffffff,0.8600959976854081,298.3321516057477,0.4120402350312188,0,2024-06-01,2024-06-30
868b7120fffffff,0.7199241835449174,298.43470006783605,0.3910424036364401,0,2024-06-01,2024-06-30
868b44cd7ffffff,0.7055268900260694,298.0745592352997,0.33529050601646304,0,2024-06-01,2024-06-30
868b44db7ffffff,0.8361099710144928,298.37218357487944,0.33872195303909425,0,2024-06-01,2024-06-30
868b44537ffffff,0.8228946426844602,298.5538651967896,0.29613705688998815,0,2024-06-01,2024-06-30
868b712f7ffffff,0.7529503153502813,297.992121094508,0.29021370387636125,0,2024-06-01,2024-06-30
868b44427ffffff,0.8869710750193348,298.42828016241305,0.301330341026187,0,2024-06-01,2024-06-30
868b44597ffffff,0.8427692333785617,299.80184241132,0.3018235120773315,0,2024-06-01,2024-06-30
868b46977ffffff,0.8920056601941749,298.86574368932037,0.2814913150363081,0,2024-06-01,2024-06-30
868b71377ffffff,0.8761602622411456,298.7635620282563,0.3436870632171631,0,2024-06-01,2024-06-30
868b44d07ffffff,0.8500544341623288,298.04567283593605,0.3561181513838066,0,2024-06-01,2024-06-30
868b71267ffffff,0.5337776541178748,300.97245620826476,0.3910734951496124,1,2024-06-01,2024-06-30
868b71327ffffff,0.881008016080597,298.77452775356005,0.32219390443060547,0,2024-06-01,2024-06-30
868b71357ffffff,0.8735625302604818,298.9165333591555,0.3445369849993488,0,2024-06-01,2024-06-30
868b712e7ffffff,0.7275387644263408,298.6054000581903,0.31432258801197444,0,2024-06-01,2024-06-30
868b71257ffffff,0.8145024367793817,299.8746080806123,0.357962708234787,0,2024-06-01,2024-06-30
868b712d7ffffff,0.8542880388349515,299.1179242718447,0.28149845337867735,0,2024-06-01,2024-06-30
868b44567ffffff,0.8638768985814919,298.43417929171096,0.3142402363009751,0,2024-06-01,2024-06-30
868b712cfffffff,0.8683704287515764,299.3166524396158,0.29732731318473815,0,2024-06-01,2024-06-30
868b7134fffffff,0.7982484037922029,298.9477420915159,0.37062324079002923,0,2024-06-01,2024-06-30
868b71217ffffff,0.8870625861232411,298.5829655507036,0.3188563363552093,0,2024-06-01,2024-06-30
868b44c07ffffff,0.8304564018511376,299.36887678364826,0.4104023764375597,0,2024-06-01,2024-06-30
868b4452fffffff,0.8583024961375051,298.8768317883353,0.3155294358730316,0,2024-06-01,2024-06-30
868b46967ffffff,0.8888686857419982,298.9325354025219,0.28730344842738054,0,2024-06-01,2024-06-30
868b44cc7ffffff,0.8741230249831194,298.04940870068486,0.3496132957380872,0,2024-06-01,2024-06-30
868b44507ffffff,0.8477446554556878,298.5025437324827,0.3086957507133484,0,2024-06-01,2024-06-30
868b44cb7ffffff,0.7961059679134046,300.00406011404266,0.39882882070541376,0,2024-06-01,2024-06-30
868b44547ffffff,0.8740592733764355,298.6603444948375,0.30601251219946235,0,2024-06-01,2024-06-30
868b44dafffffff,0.888265053088803,298.3442123552123,0.3491897020075057,0,2024-06-01,2024-06-30
868b71367ffffff,0.8758076774318313,298.3665509572615,0.345728465187268,0,2024-06-01,2024-06-30
868b44d1fffffff,0.8902006412729027,298.2794194792671,0.35664474443783833,0,2024-06-01,2024-06-30
868b71277ffffff,0.7564146101694913,299.0687312348668,0.39847285916486125,0,2024-06-01,2024-06-30
868b44c87ffffff,0.7835513960003865,299.32228770167137,0.411291811382398,0,2024-06-01,2024-06-30
868b71317ffffff,0.8863335031043849,298.5085186263098,0.29387464690208437,0,2024-06-01,2024-06-30
868b71227ffffff,0.8714429152936617,297.85027427796075,0.3124811427537786,0,2024-07-01,2024-07-30
868b445afffffff,0.8367141681989743,298.7325800832287,0.2787268711254,0,2024-07-01,2024-07-30
868b44557ffffff,0.8789468749999998,298.1938997295208,0.282577445730567,0,2024-07-01,2024-07-30
868b71307ffffff,0.8693391908914727,297.64455329457354,0.3048263720927699,0,2024-07-01,2024-07-30
868b445a7ffffff,0.7918975796301674,299.3217978507116,0.28363174200057983,0,2024-07-01,2024-07-30
868b7124fffffff,0.7575011127237542,298.25095500725695,0.2805543740590413,0,2024-07-01,2024-07-30
868b44da7ffffff,0.8177404575731247,297.0461936480357,0.3131206614971161,0,2024-07-01,2024-07-30
868b44ca7ffffff,0.7711820301187371,299.20725745728345,0.3908364331628394,0,2024-07-01,2024-07-30
868b71ad7ffffff,0.8485256098741529,298.527271055179,0.31632869027730987,0,2024-07-01,2024-07-30
868b44cafffffff,0.7558350965250966,298.3025492277992,0.3917652233954399,0,2024-07-01,2024-07-30
868b71acfffffff,0.8462274678526539,298.2139611331335,0.32106369433476944,0,2024-07-01,2024-07-30
868b445b7ffffff,0.7615957174692372,299.40293382424187,0.2850584094412625,0,2024-07-01,2024-07-30
868b71237ffffff,0.871656197265057,297.8658781883425,0.2968303014443615,0,2024-07-01,2024-07-30
868b44d97ffffff,0.8271544650623367,297.67487001063114,0.32124463934451336,0,2024-07-01,2024-07-30
868b7104fffffff,0.8673304911190914,297.0457623993012,0.1539351375352952,1,2024-07-01,2024-07-30
868b44ce7ffffff,0.8606235123927086,297.61055453756387,0.3892744467371986,0,2024-07-01,2024-07-30
868b7120fffffff,0.7240044771780211,297.6481325709855,0.36757450430623945,0,2024-07-01,2024-07-30
868b44cd7ffffff,0.7172980737665348,297.5282803900744,0.31316081993281836,0,2024-07-01,2024-07-30
868b44db7ffffff,0.810687927536232,297.40214685990344,0.31480163030737035,0,2024-07-01,2024-07-30
868b44537ffffff,0.7994826370757183,298.46660187602765,0.27485406966436476,0,2024-07-01,2024-07-30
868b712f7ffffff,0.7269787308364057,296.7279526489424,0.2644092980772257,0,2024-07-01,2024-07-30
868b44427ffffff,0.8781846964423823,298.12415989945856,0.28101309202611446,0,2024-07-01,2024-07-30
868b44597ffffff,0.8145592459779024,298.73837371583636,0.2809505503177642,0,2024-07-01,2024-07-30
868b46977ffffff,0.8499027378640777,296.90032330097097,0.25614220748736166,0,2024-07-01,2024-07-30
868b71377ffffff,0.8723195616411844,298.3248683955873,0.32051266407966617,0,2024-07-01,2024-07-30
868b44d07ffffff,0.8350068151147095,297.3980846346636,0.33245640138322996,0,2024-07-01,2024-07-30
868b71267ffffff,0.537630339688377,300.07449820961966,0.36962110705153883,1,2024-07-01,2024-07-30
868b71327ffffff,0.8693371936452584,298.2648435532308,0.2980526213068515,0,2024-07-01,2024-07-30
868b71357ffffff,0.8497698411929894,298.15838384816493,0.32087097111649404,0,2024-07-01,2024-07-30
868b712e7ffffff,0.7475587188439531,297.53477548249435,0.2900838091617495,0,2024-07-01,2024-07-30
868b71257ffffff,0.7749799777153374,299.16214610987305,0.3361281676292419,0,2024-07-01,2024-07-30
868b712d7ffffff,0.8096363300970874,298.0291737864078,0.2559825716018677,0,2024-07-01,2024-07-30
868b44567ffffff,0.8634864855736758,298.0700800926372,0.29478317126631737,0,2024-07-01,2024-07-30
868b712cfffffff,0.8215946551556894,297.7626588417889,0.2749467277526855,0,2024-07-01,2024-07-30
868b7134fffffff,0.7960080487568928,298.81701750991596,0.35137492254024416,0,2024-07-01,2024-07-30
868b71217ffffff,0.8599794565744784,298.0154730713247,0.2933941130638123,0,2024-07-01,2024-07-30
868b44c07ffffff,0.8122677882761278,298.17424026224444,0.38949103630147874,0,2024-07-01,2024-07-30
868b4452fffffff,0.8558752752027811,298.2708043646197,0.29348576068878174,0,2024-07-01,2024-07-30
868b46967ffffff,0.8416763773035888,297.5052211445199,0.26253768168096464,0,2024-07-01,2024-07-30
868b44cc7ffffff,0.8650401610880676,297.69884344554845,0.32833952035090724,0,2024-07-01,2024-07-30
868b44507ffffff,0.8347707596404758,298.38877742340776,0.28692013454437254,0,2024-07-01,2024-07-30
868b44cb7ffffff,0.7471624190586643,299.5882062433555,0.3787661390304566,0,2024-07-01,2024-07-30
868b44547ffffff,0.8728733860851109,298.2229904467818,0.28577577642032076,0,2024-07-01,2024-07-30
868b44dafffffff,0.8511528426640923,297.6618996138995,0.32673027945889366,0,2024-07-01,2024-07-30
868b71367ffffff,0.8440033842583636,297.90678302069216,0.3230870577294057,0,2024-07-01,2024-07-30
868b44d1fffffff,0.8715624783027964,297.2866538090647,0.3336785598879769,0,2024-07-01,2024-07-30
868b71277ffffff,0.7468932445520582,297.9284590799032,0.3759837335958256,0,2024-07-01,2024-07-30
868b44c87ffffff,0.7496829485073907,298.52016423533956,0.38894902914762497,0,2024-07-01,2024-07-30
868b71317ffffff,0.8691887320527749,297.19,0.27018864798545833,0,2024-07-01,2024-07-30
868b71227ffffff,0.8408079908897073,299.76010564062796,0.279665352300156,0,2024-08-01,2024-08-30
868b445afffffff,0.8132279686441499,300.1254921126489,0.24770077422726902,0,2024-08-01,2024-08-30
868b44557ffffff,0.8200375096599691,299.285646251932,0.2515996349975467,0,2024-08-01,2024-08-30
868b71307ffffff,0.8183102470930229,299.32717248062005,0.2712545226658544,0,2024-08-01,2024-08-30
868b445a7ffffff,0.7462686126440121,301.2578032723399,0.2520686089992523,0,2024-08-01,2024-08-30
868b7124fffffff,0.7102529027576198,299.3685166908565,0.24949732919534046,0,2024-08-01,2024-08-30
868b44da7ffffff,0.7869808137851146,298.68925571966406,0.2833609604835511,0,2024-08-01,2024-08-30
868b44ca7ffffff,0.7117932329375423,302.8443247417705,0.3624628099400228,0,2024-08-01,2024-08-30
868b71ad7ffffff,0.8161688915779282,299.81133688286536,0.28230763608076437,0,2024-08-01,2024-08-30
868b44cafffffff,0.7117309218146719,300.52161003861005,0.362430825108482,0,2024-08-01,2024-08-30
868b71acfffffff,0.8282417190370303,299.09340133423586,0.2887666260087213,0,2024-08-01,2024-08-30
868b445b7ffffff,0.7077081581242126,303.2189952523979,0.25413825921714306,0,2024-08-01,2024-08-30
868b71237ffffff,0.8328296237028421,299.40587430899046,0.26469304571001556,0,2024-08-01,2024-08-30
868b44d97ffffff,0.8084495892529237,298.5802522470282,0.29379492159932846,0,2024-08-01,2024-08-30
868b7104fffffff,0.832785154809279,299.0769542851596,0.1334797038185981,1,2024-08-01,2024-08-30
868b44ce7ffffff,0.8008888947825245,298.5846253254894,0.358927017166501,0,2024-08-01,2024-08-30
868b7120fffffff,0.686526097490067,298.68105339664686,0.33487546203597895,0,2024-08-01,2024-08-30
868b44cd7ffffff,0.6970824707927007,298.7895027517621,0.2811352931894362,0,2024-08-01,2024-08-30
868b44db7ffffff,0.7913007584541065,298.60895265700486,0.28408295995607147,0,2024-08-01,2024-08-30
868b44537ffffff,0.7440131853785903,299.7999990329757,0.24475129126083284,0,2024-08-01,2024-08-30
868b712f7ffffff,0.6838941150785949,298.63302445177567,0.23469784506596628,0,2024-08-01,2024-08-30
868b44427ffffff,0.8215732985305491,300.010465970611,0.24998138193041083,0,2024-08-01,2024-08-30
868b44597ffffff,0.7701190734638496,301.3474520255863,0.25022741055488584,0,2024-08-01,2024-08-30
868b46977ffffff,0.8236644660194176,299.4085,0.2259048352560659,0,2024-08-01,2024-08-30
868b71377ffffff,0.8099227065995742,299.0998993613315,0.29015869879722594,0,2024-08-01,2024-08-30
868b44d07ffffff,0.7655908135723927,298.5184817813765,0.30188748263573467,0,2024-08-01,2024-08-30
868b71267ffffff,0.5019295945030484,301.50591115842457,0.33987197072006936,1,2024-08-01,2024-08-30
868b71327ffffff,0.8179894991765962,299.6059982563209,0.2654488480184227,0,2024-08-01,2024-08-30
868b71357ffffff,0.7980607533649656,299.9699070397985,0.28903241983548866,0,2024-08-01,2024-08-30
868b712e7ffffff,0.7192045145960623,299.3236989622732,0.25969412195400926,0,2024-08-01,2024-08-30
868b71257ffffff,0.7506592626683461,301.0765342505571,0.30423690009117127,0,2024-08-01,2024-08-30
868b712d7ffffff,0.7707064757281552,299.51594077669904,0.2256963918209076,0,2024-08-01,2024-08-30
868b44567ffffff,0.8146480459326448,298.6577718807295,0.2646849155426025,0,2024-08-01,2024-08-30
868b712cfffffff,0.7775799932098164,301.43456591327964,0.24493437933921813,0,2024-08-01,2024-08-30
868b7134fffffff,0.7329288526651833,299.32726322917676,0.3251237277909527,0,2024-08-01,2024-08-30
868b71217ffffff,0.8442812469674914,299.7648636584183,0.26183991146087654,0,2024-08-01,2024-08-30
868b44c07ffffff,0.7579530177400695,300.3809631700733,0.36360790370963514,0,2024-08-01,2024-08-30
868b4452fffffff,0.8095138808420244,299.5658478176903,0.26100867986679077,0,2024-08-01,2024-08-30
868b46967ffffff,0.8143615421920465,300.22536275460726,0.23224520213960662,0,2024-08-01,2024-08-30
868b44cc7ffffff,0.8184444535545482,298.92374457412933,0.2975296678469163,0,2024-08-01,2024-08-30
868b44507ffffff,0.7893437373151639,299.7894858413067,0.2552797347307206,0,2024-08-01,2024-08-30
868b44cb7ffffff,0.660070348893399,301.49332076930517,0.35192789673805236,0,2024-08-01,2024-08-30
868b44547ffffff,0.8158164865386471,298.96082119077494,0.2547253094731815,0,2024-08-01,2024-08-30
868b44dafffffff,0.8192775627413126,299.30510038610026,0.29883456892437404,0,2024-08-01,2024-08-30
868b71367ffffff,0.8002403306903885,298.44382711274403,0.2942787981408787,0,2024-08-01,2024-08-30
868b44d1fffffff,0.7998139488910316,298.8332352941176,0.3047143665571061,0,2024-08-01,2024-08-30
868b71277ffffff,0.6842716610169493,299.64626150121074,0.3442815331023509,0,2024-08-01,2024-08-30
868b44c87ffffff,0.7043395662254857,299.80759346923,0.35951748653315013,0,2024-08-01,2024-08-30
868b71317ffffff,0.8224982974388826,299.39758440046575,0.23942549002170566,0,2024-08-01,2024-08-30
868b71227ffffff,0.8286364169412677,302.8577699166505,0.2523548147937124,0,2024-09-01,2024-09-30
868b445afffffff,0.8030482531694574,302.7748408013164,0.22275168937630954,0,2024-09-01,2024-09-30
868b44557ffffff,0.8379844426197837,302.71880892581135,0.22515763901174068,0,2024-09-01,2024-09-30
868b71307ffffff,0.8320407751937983,302.91163565891463,0.24402239233736062,0,2024-09-01,2024-09-30
868b445a7ffffff,0.7327842095072129,303.9257875883436,0.22626860439777374,0,2024-09-01,2024-09-30
868b7124fffffff,0.6782474020319306,302.9877232704403,0.22398907939592996,0,2024-09-01,2024-09-30
868b44da7ffffff,0.8015012356405059,301.6537667728545,0.2508487801551819,0,2024-09-01,2024-09-30
868b44ca7ffffff,0.6879695916594265,305.51970267400327,0.32644216094430034,1,2024-09-01,2024-09-30
868b71ad7ffffff,0.8424666118102611,302.3048354307842,0.25309372218105736,0,2024-09-01,2024-09-30
868b44cafffffff,0.7014966698841699,303.9338494208495,0.325867069584708,0,2024-09-01,2024-09-30
868b71acfffffff,0.8386681862128978,302.0116320216573,0.25719869437143783,0,2024-09-01,2024-09-30
868b445b7ffffff,0.7151976504214709,305.3399370216065,0.23011718492489305,1,2024-09-01,2024-09-30
868b71237ffffff,0.8287787217534673,302.9993143245077,0.24000196076753574,0,2024-09-01,2024-09-30
868b44d97ffffff,0.7837587561612063,302.01658934956987,0.26322287833318114,0,2024-09-01,2024-09-30
868b7104fffffff,0.8525840774531689,302.585167426963,0.11327148895830877,1,2024-09-01,2024-09-30
868b44ce7ffffff,0.8142637669977818,301.9399334554923,0.3209778964519501,0,2024-09-01,2024-09-30
868b7120fffffff,0.6578715040217076,303.0413964531447,0.30339237927429136,0,2024-09-01,2024-09-30
868b44cd7ffffff,0.7051843294390271,302.34451868301636,0.24959568865597245,0,2024-09-01,2024-09-30
868b44db7ffffff,0.7773219661835753,301.83783285024157,0.25159346001354727,0,2024-09-01,2024-09-30
868b44537ffffff,0.7241490233052897,302.91205879508755,0.21970184998852865,0,2024-09-01,2024-09-30
868b712f7ffffff,0.6994006015913058,301.71547156995916,0.21730003587435928,0,2024-09-01,2024-09-30
868b44427ffffff,0.8380826372776488,302.6362674013921,0.22429926693439486,0,2024-09-01,2024-09-30
868b44597ffffff,0.7638339842992826,304.3106503198294,0.22846889841556547,0,2024-09-01,2024-09-30
868b46977ffffff,0.8398960145631068,302.88711844660196,0.20954924716254858,0,2024-09-01,2024-09-30
868b71377ffffff,0.8215813673311401,302.6437865299014,0.2610756061077118,0,2024-09-01,2024-09-30
868b44d07ffffff,0.7881417678812412,301.1736051667631,0.26454095611738604,0,2024-09-01,2024-09-30
868b71267ffffff,0.4813786218910288,305.1386557630891,0.3077771414157956,1,2024-09-01,2024-09-30
868b71327ffffff,0.8334944783493169,302.7380122057541,0.23732431279495356,0,2024-09-01,2024-09-30
868b71357ffffff,0.7836461605500143,303.81312966011427,0.2602370754470975,0,2024-09-01,2024-09-30
868b712e7ffffff,0.7028866889729415,302.9504519445253,0.23845868281961427,0,2024-09-01,2024-09-30
868b71257ffffff,0.698093455091561,304.7536178664858,0.2754745632410049,0,2024-09-01,2024-09-30
868b712d7ffffff,0.7986935922330098,302.91668446601943,0.20776148033142086,0,2024-09-01,2024-09-30
868b44567ffffff,0.8143825581395352,302.43597896362076,0.23446306586265564,0,2024-09-01,2024-09-30
868b712cfffffff,0.7999419342322241,303.50617324667763,0.22433092164993285,0,2024-09-01,2024-09-30
868b7134fffffff,0.6961602640998356,303.6793818322531,0.2946494461044552,0,2024-09-01,2024-09-30
868b71217ffffff,0.8358075545851529,302.7570237748666,0.23850538766384127,0,2024-09-01,2024-09-30
868b44c07ffffff,0.7406418916313148,303.4929251831854,0.3281596938613803,0,2024-09-01,2024-09-30
868b4452fffffff,0.8104961713016611,302.42277230590975,0.23084649443626404,0,2024-09-01,2024-09-30
868b46967ffffff,0.8329615761396703,302.7008603297769,0.2153902114845636,0,2024-09-01,2024-09-30
868b44cc7ffffff,0.8284065448056334,301.90861001253967,0.2647734600906224,0,2024-09-01,2024-09-30
868b44507ffffff,0.7851589349569925,302.5008379240361,0.2269192304611206,0,2024-09-01,2024-09-30
868b44cb7ffffff,0.632954624528849,305.6022363970233,0.3187805349826813,1,2024-09-01,2024-09-30
868b44547ffffff,0.8277106291614398,302.7151075943261,0.22729928424907106,0,2024-09-01,2024-09-30
868b44dafffffff,0.8219049758687256,301.7734536679537,0.26656387084060246,0,2024-09-01,2024-09-30
868b71367ffffff,0.8071695175014503,302.37925352929796,0.26510312331943064,0,2024-09-01,2024-09-30
868b44d1fffffff,0.8228799469623915,301.77381195756976,0.2694488865515542,0,2024-09-01,2024-09-30
868b71277ffffff,0.6586940338983053,303.8762072639224,0.31165152788162226,0,2024-09-01,2024-09-30
868b44c87ffffff,0.6817649405854509,303.8163201623031,0.3233042189385742,0,2024-09-01,2024-09-30
868b71317ffffff,0.8371818684516884,302.824009507179,0.21477507013082503,0,2024-09-01,2024-09-30
868b71227ffffff,0.8018758189571621,303.8681818181818,0.2672472154909326,0,2024-10-01,2024-10-30
868b445afffffff,0.8087198877383144,303.80201103261413,0.23079399694688618,0,2024-10-01,2024-10-30
868b44557ffffff,0.8056319261978362,303.18826506955173,0.23347759246826172,0,2024-10-01,2024-10-30
868b71307ffffff,0.7973124806201547,303.7332093023255,0.26276239632598813,0,2024-10-01,2024-10-30
868b445a7ffffff,0.7514011327330818,304.59353664439936,0.23322606086730957,0,2024-10-01,2024-10-30
868b7124fffffff,0.7211453120464443,303.5919748427673,0.23161248862743375,0,2024-10-01,2024-10-30
868b44da7ffffff,0.816337851143933,301.0834887537409,0.27097422003746036,0,2024-10-01,2024-10-30
868b44ca7ffffff,0.7171855101843808,305.24731730862055,0.3299469645098438,1,2024-10-01,2024-10-30
868b71ad7ffffff,0.825985266214908,302.78798451113255,0.27534369924875696,0,2024-10-01,2024-10-30
868b44cafffffff,0.7222398069498069,303.52887837837847,0.3290425798585338,0,2024-10-01,2024-10-30
868b71acfffffff,0.8362015856134587,302.5979058300301,0.2778035827385363,0,2024-10-01,2024-10-30
868b445b7ffffff,0.747855149694797,305.250051351613,0.23674369836226108,1,2024-10-01,2024-10-30
868b71237ffffff,0.79876727766463,303.6430937833381,0.2537921021773121,0,2024-10-01,2024-10-30
868b44d97ffffff,0.8014450662027639,301.9699893688993,0.275671508628875,0,2024-10-01,2024-10-30
868b7104fffffff,0.8076204891779093,303.5465010191206,0.1280219153531136,1,2024-10-01,2024-10-30
868b44ce7ffffff,0.8190917639116593,301.94582891310625,0.3254419849032447,0,2024-10-01,2024-10-30
868b7120fffffff,0.7240883418935941,304.13973253222207,0.3077589355168804,0,2024-10-01,2024-10-30
868b44cd7ffffff,0.696665646422709,303.3309838756397,0.2569449513684958,0,2024-10-01,2024-10-30
868b44db7ffffff,0.7753076811594206,301.28132560386473,0.2705608496046442,0,2024-10-01,2024-10-30
868b44537ffffff,0.7684645198723531,303.28088192631276,0.22864798172598794,0,2024-10-01,2024-10-30
868b712f7ffffff,0.7616726955171745,303.2896021734912,0.22634540707804265,0,2024-10-01,2024-10-30
868b44427ffffff,0.8129967420726992,303.383430007734,0.23263461142778397,0,2024-10-01,2024-10-30
868b44597ffffff,0.766224500872262,305.13337759255654,0.23484790527820587,1,2024-10-01,2024-10-30
868b46977ffffff,0.803194097087379,304.14543689320396,0.21528246318261454,0,2024-10-01,2024-10-30
868b71377ffffff,0.7862906909231662,303.75293400425784,0.2771568994522095,0,2024-10-01,2024-10-30
868b44d07ffffff,0.7995740312319259,302.33877096587617,0.28569190377412845,0,2024-10-01,2024-10-30
868b71267ffffff,0.505847353140424,306.73262750411317,0.3116714836553086,1,2024-10-01,2024-10-30
868b71327ffffff,0.7900132810229588,302.9756563014629,0.25706074375193566,0,2024-10-01,2024-10-30
868b71357ffffff,0.7456132371453471,304.665333591556,0.2749544253030161,0,2024-10-01,2024-10-30
868b712e7ffffff,0.734324847250509,303.84106488216474,0.2469160498127224,0,2024-10-01,2024-10-30
868b71257ffffff,0.725416093401802,305.23920744113946,0.28011159181594847,1,2024-10-01,2024-10-30
868b712d7ffffff,0.789499359223301,304.06403495145634,0.21417724967002866,0,2024-10-01,2024-10-30
868b44567ffffff,0.8007271060503713,302.04803435298663,0.24368773668538782,0,2024-10-01,2024-10-30
868b712cfffffff,0.7965693762731595,304.0286080124163,0.23179086637496948,0,2024-10-01,2024-10-30
868b7134fffffff,0.7212088516977846,303.98695366160393,0.2999735232882612,0,2024-10-01,2024-10-30
868b71217ffffff,0.8044692576419213,303.86800776322184,0.25043501365184784,0,2024-10-01,2024-10-30
868b44c07ffffff,0.7417918048592362,304.5735065561126,0.3316578436642886,0,2024-10-01,2024-10-30
868b4452fffffff,0.8127944476631904,302.96579374275785,0.23941612243652344,0,2024-10-01,2024-10-30
868b46967ffffff,0.8062714645974781,303.86228903976723,0.22264255372088723,0,2024-10-01,2024-10-30
868b44cc7ffffff,0.8159163885405616,302.4825523295071,0.2717373931361723,0,2024-10-01,2024-10-30
868b44507ffffff,0.8131176476273315,302.84968396636714,0.23562153470516206,0,2024-10-01,2024-10-30
868b44cb7ffffff,0.6796161012853966,305.8981559872426,0.32212301778793334,1,2024-10-01,2024-10-30
868b44547ffffff,0.8028710508539998,302.44389269516563,0.23573766246674552,0,2024-10-01,2024-10-30
868b44dafffffff,0.8344940830115826,302.62432528957527,0.28202065494325423,0,2024-10-01,2024-10-30
868b71367ffffff,0.8179915200154704,303.5712028621155,0.28056989481129985,0,2024-10-01,2024-10-30
868b44d1fffffff,0.869389951783992,302.25274638379943,0.28597534412429443,0,2024-10-01,2024-10-30
868b71277ffffff,0.7342278256658596,304.4900610169492,0.3152923497158711,0,2024-10-01,2024-10-30
868b44c87ffffff,0.7247521012462563,304.2180968022413,0.32639606809243565,0,2024-10-01,2024-10-30
868b71317ffffff,0.8013142122623209,303.69338960031047,0.23178642046451567,0,2024-10-01,2024-10-30
868b71227ffffff,0.9111081508044193,302.25639465012586,0.3073838447877603,0,2024-11-01,2024-11-30
868b445afffffff,0.8666850672602346,300.4539446433758,0.268973735626787,0,2024-11-01,2024-11-30
868b44557ffffff,0.921564026275116,301.99780622102,0.27652253955602646,0,2024-11-01,2024-11-30
868b71307ffffff,0.8866648255813949,301.3503720930233,0.2994274847930477,0,2024-11-01,2024-11-30
868b445a7ffffff,0.8510170974924968,301.4485380966212,0.27142050862312317,0,2024-11-01,2024-11-30
868b7124fffffff,0.751471930333817,300.247275278181,0.2699907422065735,0,2024-11-01,2024-11-30
868b44da7ffffff,0.8784126846220677,297.3432396949513,0.33879188656806947,0,2024-11-01,2024-11-30
868b44ca7ffffff,0.830886909933391,300.9828381117869,0.3974352577539879,0,2024-11-01,2024-11-30
868b71ad7ffffff,0.9133667086156824,301.4397589545014,0.3237058616529299,0,2024-11-01,2024-11-30
868b44cafffffff,0.823335994208494,300.26843050193054,0.39567666476772667,0,2024-11-01,2024-11-30
868b71acfffffff,0.9189250700957172,301.99145605723686,0.3364944360976996,0,2024-11-01,2024-11-30
868b445b7ffffff,0.7623743435713594,301.24474942251686,0.2727636357303709,0,2024-11-01,2024-11-30
868b71237ffffff,0.8488840849578121,300.16109300746774,0.28671705230014527,0,2024-11-01,2024-11-30
868b44d97ffffff,0.8811331980284139,300.2680786701458,0.3286313568241894,0,2024-11-01,2024-11-30
868b7104fffffff,0.8862627001844121,300.0263699893235,0.15210351744486442,1,2024-11-01,2024-11-30
868b44ce7ffffff,0.8888601408043202,299.69697077828135,0.3992847729296911,0,2024-11-01,2024-11-30
868b7120fffffff,0.780742542882062,301.0691113479988,0.34907899941167525,0,2024-11-01,2024-11-30
868b44cd7ffffff,0.7490543979916963,300.3794322680312,0.30822562705725426,0,2024-11-01,2024-11-30
868b44db7ffffff,0.8573427536231888,299.7685845410628,0.3316443053286845,0,2024-11-01,2024-11-30
868b44537ffffff,0.8207831544338076,300.48547916062284,0.2676147988864354,0,2024-11-01,2024-11-30
868b712f7ffffff,0.7752371240054335,301.48733359208234,0.25722879800014203,0,2024-11-01,2024-11-30
868b44427ffffff,0.8673936774941996,301.92601991492666,0.27442554011940956,0,2024-11-01,2024-11-30
868b44597ffffff,0.8158101957743744,301.3064188796277,0.2683385419845581,0,2024-11-01,2024-11-30
868b46977ffffff,0.8020985533980584,300.2990718446602,0.24486521731211444,0,2024-11-01,2024-11-30
868b71377ffffff,0.9035158892974645,300.24063383007547,0.3257951645851135,0,2024-11-01,2024-11-30
868b44d07ffffff,0.8653663678426836,300.9084846732215,0.3732112650723421,0,2024-11-01,2024-11-30
868b71267ffffff,0.578431201006484,303.2709068034453,0.35951375129610996,1,2024-11-01,2024-11-30
868b71327ffffff,0.8713084374697279,300.8609299622203,0.2970908941933885,0,2024-11-01,2024-11-30
868b71357ffffff,0.8614585939769535,302.2408782802362,0.3200336856635536,0,2024-11-01,2024-11-30
868b712e7ffffff,0.7877841140529531,301.27246241877606,0.2809214918162879,0,2024-11-01,2024-11-30
868b71257ffffff,0.8271161030907856,301.6915289216161,0.31957623457908624,0,2024-11-01,2024-11-30
868b712d7ffffff,0.8933591553398057,302.4590233009708,0.2443337569236755,0,2024-11-01,2024-11-30
868b44567ffffff,0.9070734150342566,301.8191768792821,0.2977189386729151,0,2024-11-01,2024-11-30
868b712cfffffff,0.8077419342322244,300.5165098457658,0.2653730316162109,0,2024-11-01,2024-11-30
868b7134fffffff,0.8303695366160396,299.7334836025926,0.35010160705236004,0,2024-11-01,2024-11-30
868b71217ffffff,0.8740622707423581,300.6146530810288,0.28225918722152715,0,2024-11-01,2024-11-30
868b44c07ffffff,0.8499235730813726,302.9500163902815,0.40487927361391485,0,2024-11-01,2024-11-30
868b4452fffffff,0.8275880359212053,301.0086452298187,0.2874419689178467,0,2024-11-01,2024-11-30
868b46967ffffff,0.8345081474296799,300.0199059165859,0.2531851511301957,0,2024-11-01,2024-11-30
868b44cc7ffffff,0.9096130799652743,301.09397511334043,0.3292207433733829,0,2024-11-01,2024-11-30
868b44507ffffff,0.8175161592732194,300.474956992365,0.28045506763458256,0,2024-11-01,2024-11-30
868b44cb7ffffff,0.8065196192132988,300.9235594858413,0.37846358013153075,0,2024-11-01,2024-11-30
868b44547ffffff,0.9140283508636495,301.995628678954,0.2812921816394443,0,2024-11-01,2024-11-30
868b44dafffffff,0.9046011679536677,300.198831081081,0.3478389283021291,0,2024-11-01,2024-11-30
868b71367ffffff,0.9157622993618255,299.9348733320439,0.3326874279131101,0,2024-11-01,2024-11-30
868b44d1fffffff,0.9131778013500483,300.2680925747348,0.3612500519033462,0,2024-11-01,2024-11-30
868b71277ffffff,0.751226062953995,301.825592251816,0.360219992051913,0,2024-11-01,2024-11-30
868b44c87ffffff,0.8091889575886387,300.2056912375616,0.3906835820525885,0,2024-11-01,2024-11-30
868b71317ffffff,0.8622928405122237,298.93819945673266,0.2627938040494918,0,2024-11-01,2024-11-30
868b71227ffffff,0.862239949602636,300.51125024229503,0.35698307207388474,0,2024-12-01,2024-12-30
868b445afffffff,0.8727697812832673,301.28726120197433,0.30901547451503575,0,2024-12-01,2024-12-30
868b44557ffffff,0.8926752994590419,301.12041731066455,0.3155508469790221,0,2024-12-01,2024-12-30
868b71307ffffff,0.688814278100775,301.0909089147285,0.348267440834353,0,2024-12-01,2024-12-30
868b445a7ffffff,0.8449218801432861,301.80853519217754,0.3127070963382721,0,2024-12-01,2024-12-30
868b7124fffffff,0.7936835994194488,300.2646211901306,0.3104158242543538,0,2024-12-01,2024-12-30
868b44da7ffffff,0.6896029201660393,298.6073530263538,0.3958220593929291,0,2024-12-01,2024-12-30
868b44ca7ffffff,0.8060536731344724,301.7766155034269,0.45574318799446883,0,2024-12-01,2024-12-30
868b71ad7ffffff,0.6999558180058082,300.1993175217812,0.38095923202244314,0,2024-12-01,2024-12-30
868b44cafffffff,0.7904815878378381,302.0342162162163,0.4536321639053283,0,2024-12-01,2024-12-30
868b71acfffffff,0.8133615972155083,300.7193280479553,0.3969518671664157,0,2024-12-01,2024-12-30
868b445b7ffffff,0.8378906210638503,302.84384652649936,0.3138761867303401,0,2024-12-01,2024-12-30
868b71237ffffff,0.8654930608088447,301.20447871205505,0.3296746060134858,0,2024-12-01,2024-12-30
868b44d97ffffff,0.7804194694114236,300.22386972069194,0.3793721836991608,0,2024-12-01,2024-12-30
868b7104fffffff,0.7418608900320295,300.40241774240513,0.17874107678090373,1,2024-12-01,2024-12-30
868b44ce7ffffff,0.7980134969620986,300.15659851480365,0.4548192478361584,0,2024-12-01,2024-12-30
868b7120fffffff,0.7594611493361757,299.9762593274543,0.40054110942348353,0,2024-12-01,2024-12-30
868b44cd7ffffff,0.7520225596215118,299.50239741237806,0.35507472371682525,0,2024-12-01,2024-12-30
868b44db7ffffff,0.7073590966183577,300.06251594202894,0.38973279801879346,0,2024-12-01,2024-12-30
868b44537ffffff,0.8270312010443865,300.48624987912206,0.30645349054109483,0,2024-12-01,2024-12-30
868b712f7ffffff,0.762571802833301,300.08041335144577,0.2958816341124475,0,2024-12-01,2024-12-30
868b44427ffffff,0.8873125338360404,300.84026778808976,0.31312779150903225,0,2024-12-01,2024-12-30
868b44597ffffff,0.8412313529753824,302.4076158170187,0.30848689484596253,0,2024-12-01,2024-12-30
868b46977ffffff,0.854092834951456,301.65638349514563,0.2829893738266051,0,2024-12-01,2024-12-30
868b71377ffffff,0.7707470050319334,300.93027288562024,0.37499442625045776,0,2024-12-01,2024-12-30
868b44d07ffffff,0.650949744553692,298.95892134181616,0.4273670678452928,0,2024-12-01,2024-12-30
868b71267ffffff,0.5703077954127551,303.4696932159102,0.4088985254598218,1,2024-12-01,2024-12-30
868b71327ffffff,0.608617383512545,300.8297006684104,0.34732661023736,0,2024-12-01,2024-12-30
868b71357ffffff,0.8197571995739324,301.36331945385876,0.3712526224260255,0,2024-12-01,2024-12-30
868b712e7ffffff,0.7829990350111532,300.4928852681601,0.3228867204170528,0,2024-12-01,2024-12-30
868b71257ffffff,0.8394867745373511,302.8661796337564,0.36700185966491694,0,2024-12-01,2024-12-30
868b712d7ffffff,0.8601057135922334,302.1239262135922,0.2815476424694061,0,2024-12-01,2024-12-30
868b44567ffffff,0.8695336389076525,301.0801843095629,0.3373351590707898,0,2024-12-01,2024-12-30
868b712cfffffff,0.8570836065573773,302.05042584149766,0.3053889880180359,0,2024-12-01,2024-12-30
868b7134fffffff,0.7863317064912453,300.989058721099,0.3958175302021147,0,2024-12-01,2024-12-30
868b71217ffffff,0.8632210092188259,301.5540766618147,0.32274010229110717,0,2024-12-01,2024-12-30
868b44c07ffffff,0.7895391824141922,300.95128711916686,0.46000299067236483,0,2024-12-01,2024-12-30
868b4452fffffff,0.872702360950174,301.8858651989185,0.331882119178772,0,2024-12-01,2024-12-30
868b46967ffffff,0.8659783996120269,301.5549214354996,0.2921848001442556,0,2024-12-01,2024-12-30
868b44cc7ffffff,0.8750424037812289,301.4060634706279,0.37596908974093063,0,2024-12-01,2024-12-30
868b44507ffffff,0.8588819512902289,301.2640243548855,0.3229213185310364,0,2024-12-01,2024-12-30
868b44cb7ffffff,0.77769441383976,301.9331941625593,0.4293890113830566,0,2024-12-01,2024-12-30
868b44547ffffff,0.8926208578596933,300.7053160281772,0.320783495193436,0,2024-12-01,2024-12-30
868b44dafffffff,0.6709702171814672,299.40274517374513,0.4033191717333264,0,2024-12-01,2024-12-30
868b71367ffffff,0.8577016196093596,300.4677315799651,0.3820557711631294,0,2024-12-01,2024-12-30
868b44d1fffffff,0.5877843683702991,299.98831051108976,0.4171802465404783,1,2024-12-01,2024-12-30
868b71277ffffff,0.7700677917675546,301.72997384987895,0.4118845840608041,0,2024-12-01,2024-12-30
868b44c87ffffff,0.7940752874118442,301.0089189450295,0.4473807937465608,0,2024-12-01,2024-12-30
868b71317ffffff,0.7943958527357394,300.560674233605,0.30478544521331785,0,2024-12-01,2024-12-30
